Host,iucn
abrothrix hirta,abrothrix longipilis
abrothrix longipilis,abrothrix longipilis
abrothrix olivaceus,abrothrix olivaceus
abrothrix sanborni,abrothrix sanborni
acerodon celebensis,acerodon celebensis
acinonyx jubatus,acinonyx jubatus
acomys cahirinus,acomys cahirinus
acomys dimidiatus,acomys dimidiatus
acomys subspinosus,acomys subspinosus
acomys wilsoni,acomys wilsoni
addax nasomaculatus,addax nasomaculatus
aeorestes cinereus,lasiurus cinereus
aeorestes egregius,lasiurus egregius
aepyceros melampus,aepyceros melampus
aethomys chrysophilus,aethomys chrysophilus
aethomys ineptus,aethomys ineptus
aethomys kaiseri,aethomys kaiseri
afronycteris nana,neoromicia nana
ailuropoda melanoleuca,ailuropoda melanoleuca
ailurus fulgens,ailurus fulgens
akodon azarae,akodon azarae
akodon cursor,akodon cursor
akodon molinae,akodon molinae
akodon montensis,akodon montensis
akodon paranaensis,akodon paranaensis
akodon serrensis,akodon serrensis
akodon simulator,akodon simulator
akodon varius,akodon varius
alcelaphus buselaphus,alcelaphus buselaphus
alces alces,alces alces
alces americanus,alces alces
alexandromys oeconomus,microtus oeconomus
allenopithecus nigroviridis,allenopithecus nigroviridis
allochrocebus lhoesti,allochrocebus lhoesti
allochrocebus preussi,allochrocebus preussi
allochrocebus solatus,allochrocebus solatus
allocricetulus eversmanni,allocricetulus eversmanni
alouatta belzebul,alouatta belzebul
alouatta caraya,alouatta caraya
alouatta guariba,alouatta guariba
alouatta macconnelli,alouatta macconnelli
alouatta palliata,alouatta palliata
alouatta pigra,alouatta pigra
alouatta sara,alouatta sara
alouatta seniculus,alouatta seniculus
alticola argentatus,alticola argentatus
ammospermophilus nelsoni,ammospermophilus nelsoni
ammotragus lervia,ammotragus lervia
anoura caudifer,anoura caudifer
anoura geoffroyi,anoura geoffroyi
anourosorex squamipes,anourosorex squamipes
anourosorex yamashinai,anourosorex yamashinai
antidorcas marsupialis,antidorcas marsupialis
antilocapra americana,antilocapra americana
antilope cervicapra,antilope cervicapra
antrozous dubiaquercus,bauerus dubiaquercus
antrozous pallidus,antrozous pallidus
aonyx cinereus,aonyx cinereus
aotus azarai,aotus azarae
aotus griseimembra,aotus griseimembra
aotus lemurinus,aotus lemurinus
aotus nancymaae,aotus nancymaae
aotus trivirgatus,aotus trivirgatus
aotus vociferans,aotus vociferans
apodemus agrarius,apodemus agrarius
apodemus argenteus,apodemus argenteus
apodemus chejuensis,apodemus agrarius
apodemus chevrieri,apodemus chevrieri
apodemus draco,apodemus draco
apodemus flavicollis,apodemus flavicollis
apodemus ilex,apodemus draco
apodemus latronum,apodemus latronum
apodemus mystacinus,apodemus mystacinus
apodemus pallipes,apodemus pallipes
apodemus peninsulae,apodemus peninsulae
apodemus ponticus,apodemus ponticus
apodemus speciosus,apodemus speciosus
apodemus sylvaticus,apodemus sylvaticus
apodemus uralensis,apodemus uralensis
arctocephalus australis,arctocephalus australis
arctocephalus forsteri,arctocephalus forsteri
arctocephalus galapagoensis,arctocephalus galapagoensis
arctocephalus gazella,arctocephalus gazella
arctocephalus tropicalis,arctocephalus tropicalis
arctonyx collaris,arctonyx collaris
artibeus cinereus,dermanura cinerea
artibeus fimbriatus,artibeus fimbriatus
artibeus glaucus,dermanura glauca
artibeus jamaicensis,artibeus jamaicensis
artibeus lituratus,artibeus lituratus
artibeus obscurus,artibeus obscurus
artibeus phaeotis,dermanura phaeotis
artibeus planirostris,artibeus planirostris
artibeus toltecus,dermanura tolteca
arvicanthis neumanni,arvicanthis neumanni
arvicanthis niloticus,arvicanthis niloticus
arvicanthis sp.,
arvicola amphibius,arvicola amphibius
arvicola scherman,arvicola scherman
aselliscus stoliczkanus,aselliscus stoliczkanus
atelerix albiventris,atelerix albiventris
ateles belzebuth,ateles belzebuth
ateles chamek,ateles chamek
ateles fusciceps,ateles fusciceps
ateles geoffroyi,ateles geoffroyi
ateles hybridus,ateles hybridus
ateles paniscus,ateles paniscus
ateles sp.,
atherurus africanus,atherurus africanus
atherurus macrourus,atherurus macrourus
atilax paludinosus,atilax paludinosus
avahi laniger,avahi laniger
axis axis,axis axis
axis porcinus,axis porcinus
babyrousa babyrussa,babyrousa babyrussa
baiomys musculus,baiomys musculus
baiomys taylori,baiomys taylori
balaena mysticetus,balaena mysticetus
balaenoptera acutorostrata,balaenoptera acutorostrata
balaenoptera borealis,balaenoptera borealis
balaenoptera physalus,balaenoptera physalus
balionycteris maculata,balionycteris maculata
bandicota bengalensis,bandicota bengalensis
bandicota indica,bandicota indica
bandicota savilei,bandicota savilei
bandicota sp.,
barbastella barbastellus,barbastella barbastellus
bassaricyon gabbii,bassaricyon gabbii
bassariscus astutus,bassariscus astutus
bathyergus suillus,bathyergus suillus
beatragus hunteri,beatragus hunteri
berylmys bowersi,berylmys bowersi
bettongia gaimardi,bettongia gaimardi
bettongia penicillata,bettongia penicillata
bibimys chacoensis,bibimys chacoensis
bison bison,bison bison
bison bonasus,bison bonasus
blarina brevicauda,blarina brevicauda
blarina carolinensis,blarina carolinensis
blarina hylophaga,blarina hylophaga
blastocerus dichotomus,blastocerus dichotomus
bolomys amoenus,necromys amoenus
bos frontalis,bos gaurus
bos gaurus,bos gaurus
bos grunniens,bos mutus
bos indicus,
bos indicus x bos taurus,
bos javanicus,bos javanicus
bos mutus,bos mutus
bos primigenius,
bos sp.,
bos taurus,
bos taurus x bison bison,
boselaphus tragocamelus,boselaphus tragocamelus
brachylagus idahoensis,brachylagus idahoensis
brachyteles arachnoides,brachyteles arachnoides
bradypus tridactylus,bradypus tridactylus
bradypus variegatus,bradypus variegatus
bubalus bubalis,bubalus arnee
bubalus carabanensis,bubalus arnee
bubalus sp.,
budorcas taxicolor,budorcas taxicolor
bunomys penitus,bunomys penitus
cabassous centralis,cabassous centralis
cacajao calvus,cacajao calvus
cacajao hosomi,cacajao hosomi
cacajao melanocephalus,cacajao melanocephalus
cacajao rubicundus,cacajao calvus
callicebus nigrifrons,callicebus nigrifrons
callicebus personatus,callicebus personatus
callicebus sp.,
callimico goeldii,callimico goeldii
callithrix geoffroyi,callithrix geoffroyi
callithrix jacchus,callithrix jacchus
callithrix penicillata,callithrix penicillata
callithrix sp.,
callorhinus ursinus,callorhinus ursinus
callosciurus erythraeus,callosciurus erythraeus
callosciurus finlaysonii,callosciurus finlaysonii
callosciurus notatus,callosciurus notatus
callosciurus prevostii,callosciurus prevostii
callospermophilus lateralis,callospermophilus lateralis
calomys callidus,calomys callidus
calomys callosus,calomys callosus
calomys fecundus,calomys fecundus
calomys laucha,calomys laucha
calomys musculinus,calomys musculinus
calomys sp.,
calomys tener,calomys tener
caluromys derbianus,caluromys derbianus
caluromys philander,caluromys philander
camelus bactrianus,camelus ferus
camelus dromedarius,camelus ferus
canis adustus,canis adustus
canis aureus,canis aureus
canis latrans,canis latrans
canis lupus,canis lupus
canis mesomelas,canis mesomelas
canis simensis,canis simensis
canis sp.,
capra aegagrus,capra aegagrus
capra caucasica,capra caucasica
capra falconeri,capra falconeri
capra hircus,capra aegagrus
capra ibex,capra ibex
capra nubiana,capra nubiana
capra pyrenaica,capra pyrenaica
capra sibirica,capra sibirica
capra sp.,capra aegagrus
capreolus capreolus,capreolus capreolus
capreolus pygargus,capreolus pygargus
capricornis crispus,capricornis crispus
capricornis milneedwardsii,capricornis sumatraensis
capricornis sumatraensis,capricornis sumatraensis
caracal caracal,caracal caracal
cardioderma cor,cardioderma cor
carollia brevicauda,carollia brevicauda
carollia perspicillata,carollia perspicillata
carollia sowelli,carollia sowelli
carollia subrufa,carollia subrufa
casinycteris argynnis,casinycteris argynnis
castor canadensis,castor canadensis
castor fiber,castor fiber
cavia aperea,cavia aperea
cavia cutleri,
cavia porcellus,cavia aperea
cebuella pygmaea,cebuella pygmaea
cebus albifrons,cebus albifrons
cebus capucinus,cebus capucinus
cebus imitator,cebus imitator
cebus olivaceus,cebus olivaceus
cebus sp.,
cephalopachus bancanus,cephalopachus bancanus
cephalophorus rufilatus,cephalophus rufilatus
cephalophus callipygus,cephalophus callipygus
cephalophus dorsalis,cephalophus dorsalis
cephalophus leucogaster,cephalophus leucogaster
cephalophus niger,cephalophus niger
cephalophus nigrifrons,cephalophus nigrifrons
cephalophus rufilatus,cephalophus rufilatus
cephalophus silvicultor,cephalophus silvicultor
cephalophus weynsi,cephalophus weynsi
cephalophus zebra,cephalophus zebra
ceratotherium simum,ceratotherium simum
cercocebus agilis,cercocebus agilis
cercocebus atys,cercocebus atys
cercocebus chrysogaster,cercocebus chrysogaster
cercocebus galeritus,cercocebus galeritus
cercocebus torquatus,cercocebus torquatus
cercopithecus albogularis,cercopithecus mitis
cercopithecus ascanius,cercopithecus ascanius
cercopithecus campbelli,cercopithecus campbelli
cercopithecus cephus,cercopithecus cephus
cercopithecus denti,cercopithecus denti
cercopithecus diana,cercopithecus diana
cercopithecus doggetti,cercopithecus mitis
cercopithecus dryas,cercopithecus dryas
cercopithecus erythrogaster,cercopithecus erythrogaster
cercopithecus erythrotis,cercopithecus erythrotis
cercopithecus hamlyni,cercopithecus hamlyni
cercopithecus kandti,cercopithecus mitis
cercopithecus lomamiensis,cercopithecus lomamiensis
cercopithecus mitis,cercopithecus mitis
cercopithecus mona,cercopithecus mona
cercopithecus neglectus,cercopithecus neglectus
cercopithecus nictitans,cercopithecus nictitans
cercopithecus petaurista,cercopithecus petaurista
cercopithecus pogonias,cercopithecus pogonias
cercopithecus roloway,cercopithecus roloway
cercopithecus sclateri,cercopithecus sclateri
cercopithecus wolfi,cercopithecus wolfi
cerdocyon thous,cerdocyon thous
cervidae sp.,
cervus albirostris,cervus albirostris
cervus canadensis,cervus canadensis
cervus elaphus,cervus elaphus
cervus nippon,cervus nippon
chaerephon leucogaster,mops leucogaster
chaerephon plicatus,chaerephon plicatus
chaerephon pumilus,chaerephon pumilus
chaerephon pusillus,mops pusillus
chaetodipus baileyi,chaetodipus baileyi
chaetodipus hispidus,chaetodipus hispidus
chaetodipus penicillatus,chaetodipus penicillatus
chaetodipus spinatus,chaetodipus spinatus
chaetophractus vellerosus,chaetophractus vellerosus
chalinolobus gouldii,chalinolobus gouldii
chalinolobus morio,chalinolobus morio
chalinolobus tuberculatus,chalinolobus tuberculatus
chinchilla lanigera,chinchilla lanigera
chionomys roberti,chionomys roberti
chironectes minimus,chironectes minimus
chiropotes sp.,
chlorocebus aethiops,chlorocebus aethiops
chlorocebus cynosuros,chlorocebus cynosuros
chlorocebus djamdjamensis,chlorocebus djamdjamensis
chlorocebus pygerythrus,chlorocebus pygerythrus
chlorocebus sabaeus,chlorocebus sabaeus
chlorocebus tantalus,chlorocebus tantalus
chodsigoa caovansunga,chodsigoa caovansunga
chodsigoa hypsibia,chodsigoa hypsibia
chodsigoa smithii,chodsigoa smithii
choloepus didactylus,choloepus didactylus
choloepus hoffmanni,choloepus hoffmanni
chrotogale owstoni,chrotogale owstoni
chrotopterus auritus,chrotopterus auritus
chrysocyon brachyurus,chrysocyon brachyurus
civettictis civetta,civettictis civetta
clethrionomys gapperi,myodes gapperi
coendou melanurus,coendou melanurus
coendou mexicanus,coendou mexicanus
coendou prehensilis,coendou prehensilis
coendou rothschildi,coendou quichua
coendou spinosus,coendou spinosus
coleura afra,coleura afra
coleura kibomalandy,coleura kibomalandy
colobus angolensis,colobus angolensis
colobus guereza,colobus guereza
colobus polykomos,colobus polykomos
conepatus leuconotus,conepatus leuconotus
connochaetes gnou,connochaetes gnou
connochaetes taurinus,connochaetes taurinus
corynorhinus rafinesquii,corynorhinus rafinesquii
corynorhinus townsendii,corynorhinus townsendii
cricetomys ansorgei,cricetomys ansorgei
cricetomys emini,cricetomys emini
cricetomys gambianus,cricetomys gambianus
cricetulus barabensis,cricetulus barabensis
cricetulus griseus,cricetulus barabensis
cricetulus longicaudatus,cricetulus longicaudatus
cricetulus migratorius,cricetulus migratorius
cricetulus sokolovi,cricetulus sokolovi
cricetus cricetus,cricetus cricetus
crocidura attenuata,crocidura attenuata
crocidura douceti,crocidura douceti
crocidura dracula,crocidura fuliginosa
crocidura flavescens,crocidura flavescens
crocidura fuliginosa,crocidura fuliginosa
crocidura goliath,crocidura goliath
crocidura grandiceps,crocidura grandiceps
crocidura hirta,crocidura hirta
crocidura lasiura,crocidura lasiura
crocidura leucodon,crocidura leucodon
crocidura littoralis,crocidura littoralis
crocidura luna,crocidura luna
crocidura montis,crocidura montis
crocidura obscurior,crocidura obscurior
crocidura olivieri,crocidura olivieri
crocidura russula,crocidura russula
crocidura shantungensis,crocidura shantungensis
crocidura somalica,crocidura somalica
crocidura suaveolens,crocidura suaveolens
crocidura tanakae,crocidura tanakae
crocidura theresae,crocidura theresae
crocidura zaphiri,crocidura zaphiri
crocuta crocuta,crocuta crocuta
ctenodactylus gundi,ctenodactylus gundi
cuniculus paca,cuniculus paca
cyclopes didactylus,cyclopes didactylus
cynictis penicillata,cynictis penicillata
cynomops abrasus,cynomops abrasus
cynomops planirostris,cynomops planirostris
cynomys gunnisoni,cynomys gunnisoni
cynomys leucurus,cynomys leucurus
cynomys ludovicianus,cynomys ludovicianus
cynomys mexicanus,cynomys mexicanus
cynomys parvidens,cynomys parvidens
cynopterus brachyotis,cynopterus brachyotis
cynopterus horsfieldii,cynopterus horsfieldii
cynopterus sp.,
cynopterus sphinx,cynopterus sphinx
cystophora cristata,cystophora cristata
dama dama,dama dama
damaliscus lunatus,damaliscus lunatus
damaliscus pygargus,damaliscus pygargus
dasycercus cristicauda,dasycercus cristicauda
dasymys incomtus,dasymys incomtus
dasymys rufulus,dasymys rufulus
dasyprocta fuliginosa,dasyprocta fuliginosa
dasyprocta leporina,dasyprocta leporina
dasyprocta punctata,dasyprocta punctata
dasypterus ega,lasiurus ega
dasypterus intermedius,lasiurus intermedius
dasypterus xanthinus,lasiurus xanthinus
dasypus novemcinctus,dasypus novemcinctus
dasyuroides byrnei,dasyuroides byrnei
delphinapterus leucas,delphinapterus leucas
delphinus capensis,delphinus delphis
delphinus delphis,delphinus delphis
dendrolagus goodfellowi,dendrolagus goodfellowi
deomys ferrugineus,deomys ferrugineus
dephomys defua,dephomys defua
desmodillus auricularis,desmodillus auricularis
desmodus rotundus,desmodus rotundus
diaemus youngi,diaemus youngi
diceros bicornis,diceros bicornis
diclidurus albus,diclidurus albus
dicrostonyx groenlandicus,dicrostonyx groenlandicus
didelphis albiventris,didelphis albiventris
didelphis aurita,didelphis aurita
didelphis marsupialis,didelphis marsupialis
didelphis virginiana,didelphis virginiana
diphylla ecaudata,diphylla ecaudata
diplomys labilis,diplomys labilis
dipodillus dasyurus,gerbillus dasyurus
dipodomys californicus,dipodomys californicus
dipodomys heermanni,dipodomys heermanni
dipodomys merriami,dipodomys merriami
dipodomys microps,dipodomys microps
dipodomys nitratoides,dipodomys nitratoides
dipodomys ordii,dipodomys ordii
dipodomys simulans,dipodomys simulans
dipodomys spectabilis,dipodomys spectabilis
dipus sagitta,dipus sagitta
dobsonia andersoni,dobsonia anderseni
dobsonia magna,dobsonia magna
dobsonia moluccensis,dobsonia moluccensis
dolichotis patagonum,dolichotis patagonum
dorcopsis muelleri,dorcopsis muelleri
dorcopsis veterum,dorcopsis muelleri
doryrhina cyclops,hipposideros cyclops
dremomys pernyi,dremomys pernyi
dremomys rufigenis,dremomys rufigenis
dryomys laniger,dryomys laniger
dryomys nitedula,dryomys nitedula
dyacopterus spadiceus,dyacopterus spadiceus
echinosciurus variegatoides,sciurus variegatoides
echinosorex gymnura,echinosorex gymnura
eidolon dupreanum,eidolon dupreanum
eidolon helvum,eidolon helvum
eira barbara,eira barbara
elaphodus cephalophus,elaphodus cephalophus
elaphurus davidianus,elaphurus davidianus
elephas maximus,elephas maximus
eliomys melanurus,eliomys melanurus
eliomys munbyanus,eliomys munbyanus
eliomys quercinus,eliomys quercinus
eliurus majori,eliurus majori
eliurus minor,eliurus minor
eliurus tanala,eliurus tanala
enhydra lutris,enhydra lutris
eonycteris spelaea,eonycteris spelaea
eospalax rufescens,eospalax smithii
eothenomys cachinus,eothenomys cachinus
eothenomys chinensis,eothenomys chinensis
eothenomys custos,eothenomys custos
eothenomys eleusis,
eothenomys eva,caryomys eva
eothenomys inez,caryomys inez
eothenomys melanogaster,eothenomys melanogaster
eothenomys miletus,eothenomys miletus
eozapus setchuanus,eozapus setchuanus
episoriculus leucops,episoriculus leucops
epomophorus gambianus,epomophorus gambianus
epomophorus labiatus,epomophorus labiatus
epomophorus pusillus,micropteropus pusillus
epomophorus wahlbergi,epomophorus wahlbergi
epomops buettikoferi,epomops buettikoferi
epomops dobsonii,epomops dobsonii
epomops franqueti,epomops franqueti
epomops sp.,
eptesicus brasiliensis,eptesicus brasiliensis
eptesicus diminutus,eptesicus diminutus
eptesicus furinalis,eptesicus furinalis
eptesicus fuscus,eptesicus fuscus
eptesicus hottentotus,eptesicus hottentotus
eptesicus isabellinus,eptesicus isabellinus
eptesicus japonensis,eptesicus japonensis
eptesicus nilssonii,eptesicus nilssonii
eptesicus regulus,vespadelus regulus
eptesicus serotinus,eptesicus serotinus
eptesicus sp.,
eptesicus vulturnus,vespadelus vulturnus
equus asinus,equus africanus
equus asinus x caballus,equus africanus
equus asinus x equus caballus,equus africanus
equus burchellii,equus quagga
equus caballus,equus ferus
equus caballus x equus asinus,equus ferus
equus ferus,equus ferus
equus grevyi,equus grevyi
equus hemionus,equus hemionus
equus kiang,equus kiang
equus przewalskii,equus ferus
equus quagga,equus quagga
equus sp.,
equus zebra,equus zebra
erethizon dorsatum,erethizon dorsatum
erignathus barbatus,erignathus barbatus
erinaceus amurensis,erinaceus amurensis
erinaceus europaeus,erinaceus europaeus
erinaceus roumanicus,erinaceus roumanicus
erinaceus sp.,
erythrocebus patas,erythrocebus patas
eschrichtius robustus,eschrichtius robustus
eubalaena australis,eubalaena australis
euchoreutes naso,euchoreutes naso
euderma maculatum,euderma maculatum
eudorcas thomsonii,eudorcas thomsonii
eulemur albifrons,eulemur albifrons
eulemur coronatus,eulemur coronatus
eulemur fulvus,eulemur fulvus
eulemur macaco,eulemur macaco
eulemur rubriventer,eulemur rubriventer
eulemur rufifrons,eulemur rufifrons
eumetopias jubatus,eumetopias jubatus
eumops auripendulus,eumops auripendulus
eumops bonariensis,eumops bonariensis
eumops glaucinus,eumops glaucinus
eumops patagonicus,eumops patagonicus
eumops perotis,eumops perotis
euoticus elegantulus,euoticus elegantulus
euryzygomatomys spinosus,euryzygomatomys spinosus
falsistrellus mackenziei,falsistrellus mackenziei
felis catus,felis silvestris
felis chaus,felis chaus
felis margarita,felis margarita
felis nigripes,felis nigripes
felis silvestris,felis silvestris
felis sp.,
feresa attenuata,feresa attenuata
funambulus pennantii,funambulus pennantii
funambulus tristriatus,funambulus tristriatus
funisciurus anerythrus,funisciurus anerythrus
funisciurus carruthersi,funisciurus carruthersi
funisciurus congicus,funisciurus congicus
funisciurus lemniscatus,funisciurus lemniscatus
funisciurus pyrropus,funisciurus pyrropus
galago senegalensis,galago senegalensis
galagoides demidoff,galagoides demidoff
galerella pulverulenta,herpestes pulverulentus
galerella sanguinea,herpestes sanguineus
galictis cuja,galictis cuja
galidia elegans,galidia elegans
gardnerycteris crenulatum,gardnerycteris crenulatum
gazella arabica,gazella arabica
gazella bennettii,gazella bennettii
gazella dorcas,gazella dorcas
gazella gazella,gazella gazella
gazella spekei,gazella spekei
gazella subgutturosa,gazella subgutturosa
genetta genetta,genetta genetta
genetta maculata,genetta maculata
genetta tigrina,genetta tigrina
geomys bursarius,geomys bursarius
gerbilliscus brantsii,gerbilliscus brantsii
gerbilliscus kempi,gerbilliscus kempi
gerbilliscus leucogaster,gerbilliscus leucogaster
gerbilliscus sp.,
gerbilliscus validus,gerbilliscus validus
gerbillus gerbillus,gerbillus gerbillus
gerbillus pyramidum,gerbillus pyramidum
giraffa camelopardalis,giraffa camelopardalis
giraffa giraffa,giraffa camelopardalis
giraffa reticulata,giraffa camelopardalis
glaucomys volans,glaucomys volans
glauconycteris argentata,glauconycteris argentata
glauconycteris poensis,glauconycteris poensis
glauconycteris variegata,glauconycteris variegata
glirulus japonicus,glirulus japonicus
glis glis,glis glis
globicephala macrorhynchus,globicephala macrorhynchus
globicephala melas,globicephala melas
glossophaga commissarisi,glossophaga commissarisi
glossophaga longirostris,glossophaga longirostris
glossophaga morenoi,glossophaga morenoi
glossophaga soricina,glossophaga soricina
golunda ellioti,golunda ellioti
gorilla beringei,gorilla beringei
gorilla gorilla,gorilla gorilla
gracilinanus microtarsus,gracilinanus microtarsus
grammomys macmillani,grammomys macmillani
grammomys sp.,
grammomys surdaster,grammomys dolichurus
grampus griseus,grampus griseus
graomys griseoflavus,graomys griseoflavus
graphiurus kelleni,graphiurus kelleni
graphiurus lorraineus,graphiurus lorraineus
graphiurus microtis,graphiurus microtis
graphiurus murinus,graphiurus murinus
graphiurus ocularis,graphiurus ocularis
graphiurus platyops,graphiurus platyops
gulo gulo,gulo gulo
halichoerus grypus,halichoerus grypus
handleyomys alfaroi,handleyomys alfaroi
handleyomys fuscatus,handleyomys fuscatus
hapalemur aureus,hapalemur aureus
hapalemur griseus,hapalemur griseus
heimyscus fumosus,heimyscus fumosus
helarctos malayanus,helarctos malayanus
heliosciurus gambianus,heliosciurus gambianus
heliosciurus rufobrachium,heliosciurus rufobrachium
heliosciurus ruwenzorii,heliosciurus ruwenzorii
heliosciurus undulatus,heliosciurus undulatus
hemiechinus auritus,hemiechinus auritus
hemitragus jemlahicus,hemitragus jemlahicus
herpestes edwardsii,herpestes edwardsii
herpestes ichneumon,herpestes ichneumon
herpestes urva,herpestes urva
hesperosciurus griseus,sciurus griseus
heteromys anomalus,heteromys anomalus
heteromys pictus,heteromys pictus
hexaprotodon liberiensis,choeropsis liberiensis
hippocamelus bisulcus,hippocamelus bisulcus
hippopotamus amphibius,hippopotamus amphibius
hipposideros abae,hipposideros abae
hipposideros armiger,hipposideros armiger
hipposideros beatus,hipposideros beatus
hipposideros bicolor,hipposideros bicolor
hipposideros caffer,hipposideros caffer
hipposideros cervinus,hipposideros cervinus
hipposideros cf. ruber,hipposideros ruber
hipposideros cineraceus,hipposideros cineraceus
hipposideros crumeniferus,hipposideros crumeniferus
hipposideros diadema,hipposideros diadema
hipposideros fuliginosus,hipposideros fuliginosus
hipposideros galeritus,hipposideros galeritus
hipposideros grandis,hipposideros grandis
hipposideros jonesi,hipposideros jonesi
hipposideros lankadiva,hipposideros lankadiva
hipposideros larvatus,hipposideros larvatus
hipposideros lekaguli,hipposideros lekaguli
hipposideros pomona,hipposideros pomona
hipposideros pratti,hipposideros pratti
hipposideros ruber,hipposideros ruber
hipposideros speoris,hipposideros speoris
hipposideros terasensis,hipposideros armiger
hipposideros turpis,hipposideros turpis
hippotragus equinus,hippotragus equinus
hippotragus niger,hippotragus niger
histiotus laephotis,histiotus laephotis
histiotus macrotus,histiotus macrotus
histiotus montanus,histiotus montanus
histiotus velatus,histiotus velatus
holochilus chacarius,holochilus chacarius
holochilus sciureus,holochilus sciureus
homo sapiens,
hoolock hoolock,hoolock hoolock
hoplomys gymnurus,hoplomys gymnurus
hsunycteris thomasi,lonchophylla thomasi
hyaena hyaena,hyaena hyaena
hybomys lunaris,hybomys lunaris
hybomys univittatus,hybomys univittatus
hydrochoerus hydrochaeris,hydrochoerus hydrochaeris
hydromys chrysogaster,hydromys chrysogaster
hydropotes inermis,hydropotes inermis
hydrurga leptonyx,hydrurga leptonyx
hylaeamys laticeps,hylaeamys laticeps
hylaeamys megacephalus,hylaeamys megacephalus
hylaeamys yunganus,hylaeamys yunganus
hylobates agilis,hylobates agilis
hylobates albibarbis,hylobates albibarbis
hylobates lar,hylobates lar
hylobates moloch,hylobates moloch
hylobates muelleri,hylobates muelleri
hylobates pileatus,hylobates pileatus
hylobates sp.,
hylochoerus meinertzhageni,hylochoerus meinertzhageni
hylomyscus alleni,hylomyscus alleni
hylomyscus endorobae,hylomyscus endorobae
hylomyscus pamfi,hylomyscus pamfi
hylomyscus parvus,hylomyscus parvus
hylomyscus simus,hylomyscus alleni
hylomyscus stella,hylomyscus stella
hylopetes phayrei,hylopetes phayrei
hypsignathus monstrosus,hypsignathus monstrosus
hypsugo alaschanicus,hypsugo alaschanicus
hypsugo pulveratus,hypsugo pulveratus
hypsugo savii,hypsugo savii
hystrix africaeaustralis,hystrix africaeaustralis
hystrix brachyura,hystrix brachyura
hystrix cristata,hystrix cristata
hystrix indica,hystrix indica
ia io,ia io
ichneumia albicauda,ichneumia albicauda
ictidomys tridecemlineatus,ictidomys tridecemlineatus
indopacetus pacificus,indopacetus pacificus
indri indri,indri indri
inia boliviensis,inia geoffrensis
isoodon macrourus,isoodon macrourus
isoodon obesulus,isoodon obesulus
jaculus jaculus,jaculus jaculus
kerivoula argentata,kerivoula argentata
kerivoula hardwickii,kerivoula hardwickii
kerivoula minuta,kerivoula minuta
kerivoula pellucida,kerivoula pellucida
kerivoula titania,kerivoula titania
kobus ellipsiprymnus,kobus ellipsiprymnus
kobus kob,kobus kob
kobus leche,kobus leche
kobus megaceros,kobus megaceros
kogia breviceps,kogia breviceps
kogia sima,kogia sima
laephotis capensis,neoromicia capensis
lagenodelphis hosei,lagenodelphis hosei
lagenorhynchus acutus,lagenorhynchus acutus
lagenorhynchus albirostris,lagenorhynchus albirostris
lagenorhynchus obliquidens,lagenorhynchus obliquidens
lagenorhynchus obscurus,lagenorhynchus obscurus
lagorchestes conspicillatus,lagorchestes conspicillatus
lagothrix cana,lagothrix lagothricha
lagothrix lagotricha,lagothrix lagothricha
lagothrix lugens,lagothrix lagothricha
lagothrix poeppigii,lagothrix lagothricha
lagurus lagurus,lagurus lagurus
lama glama,lama guanicoe
lama guanicoe,lama guanicoe
lasionycteris noctivagans,lasionycteris noctivagans
lasiopodomys gregalis,microtus gregalis
lasiorhinus latifrons,lasiorhinus latifrons
lasiurus blossevillii,lasiurus blossevillii
lasiurus borealis,lasiurus borealis
lasiurus seminolus,lasiurus seminolus
lasiurus sp. (in: bats),
lemmus lemmus,lemmus lemmus
lemmus sibiricus,lemmus sibiricus
lemniscomys rosalia,lemniscomys rosalia
lemniscomys striatus,lemniscomys striatus
lemur catta,lemur catta
leontocebus fuscicollis,leontocebus fuscicollis
leontocebus nigricollis,leontocebus nigricollis
leontopithecus chrysomelas,leontopithecus chrysomelas
leontopithecus rosalia,leontopithecus rosalia
leopardus colocolo,leopardus colocolo
leopardus geoffroyi,leopardus geoffroyi
leopardus guigna,leopardus guigna
leopardus guttulus,leopardus guttulus
leopardus pardalis,leopardus pardalis
leopardus tigrinus,leopardus tigrinus
leopardus wiedii,leopardus wiedii
leopoldamys edwardsi,leopoldamys edwardsi
leopoldamys neilli,leopoldamys neilli
leopoldamys sabanus,leopoldamys sabanus
lepilemur edwardsi,lepilemur edwardsi
lepilemur mustelinus,lepilemur mustelinus
leptailurus serval,leptailurus serval
leptonychotes weddellii,leptonychotes weddellii
leptonycteris curasoae,leptonycteris curasoae
leptonycteris nivalis,leptonycteris nivalis
lepus americanus,lepus americanus
lepus californicus,lepus californicus
lepus capensis,lepus capensis
lepus corsicanus,lepus corsicanus
lepus europaeus,lepus europaeus
lepus granatensis,lepus granatensis
lepus saxatilis,lepus saxatilis
lepus timidus,lepus timidus
lichonycteris obscura,lichonycteris obscura
liomys adspersus,heteromys adspersus
liomys pictus,heteromys pictus
liomys salvini,heteromys salvini
lipotes vexillifer,lipotes vexillifer
lissonycteris angolensis,lissonycteris angolensis
litocranius walleri,litocranius walleri
lobodon carcinophaga,lobodon carcinophaga
lonchophylla robusta,lonchophylla robusta
lonchorhina aurita,lonchorhina aurita
lontra canadensis,lontra canadensis
lontra longicaudis,lontra longicaudis
lophocebus albigena,lophocebus albigena
lophocebus aterrimus,lophocebus aterrimus
lophostoma brasiliense,lophostoma brasiliense
lophostoma silvicolum,lophostoma silvicolum
lophuromys aquilus,lophuromys flavopunctatus
lophuromys dudui,lophuromys flavopunctatus
lophuromys flavopunctatus,lophuromys flavopunctatus
lophuromys laticeps,lophuromys flavopunctatus
lophuromys machangui,lophuromys machangui
lophuromys nudicaudus,lophuromys nudicaudus
lophuromys sikapusi,lophuromys sikapusi
lophuromys stanleyi,lophuromys stanleyi
loxodonta africana,loxodonta africana
loxodonta cyclotis,loxodonta cyclotis
loxodontomys micropus,loxodontomys micropus
lutra lutra,lutra lutra
lycalopex culpaeus,lycalopex culpaeus
lycalopex fulvipes,lycalopex fulvipes
lycalopex griseus,lycalopex griseus
lycalopex gymnocercus,lycalopex gymnocercus
lycalopex vetulus,lycalopex vetulus
lycaon pictus,lycaon pictus
lynx canadensis,lynx canadensis
lynx lynx,lynx lynx
lynx pardinus,lynx pardinus
lynx rufus,lynx rufus
macaca arctoides,macaca arctoides
macaca assamensis,macaca assamensis
macaca balantak,macaca tonkeana
macaca balantak x tonkeana,macaca tonkeana
macaca brunnescens,macaca brunnescens
macaca cyclopis,macaca cyclopis
macaca fascicularis,macaca fascicularis
macaca fuscata,macaca fuscata
macaca hecki,macaca hecki
macaca leonina,macaca leonina
macaca leucogenys,macaca sinica
macaca maura,macaca maura
macaca mulatta,macaca mulatta
macaca munzala,macaca munzala
macaca nemestrina,macaca nemestrina
macaca nigra,macaca nigra
macaca nigrescens,macaca nigrescens
macaca ochreata,macaca ochreata
macaca pagensis,macaca pagensis
macaca radiata,macaca radiata
macaca silenus,macaca silenus
macaca sinica,macaca sinica
macaca sp.,
macaca speciosa,macaca arctoides
macaca sylvanus,macaca sylvanus
macaca thibetana,macaca thibetana
macaca tonkeana,macaca tonkeana
macroglossus minimus,macroglossus minimus
macroglossus sobrinus,macroglossus sobrinus
macronycteris commersoni,macronycteris commersoni
macronycteris gigas,macronycteris gigas
macronycteris vittata,macronycteris vittatus
macronycteris vittatus,macronycteris vittatus
macropus fuliginosus,macropus fuliginosus
macropus giganteus,macropus giganteus
macropus sp.,
macrotis lagotis,macrotis lagotis
macrotus californicus,macrotus californicus
macrotus waterhousii,macrotus waterhousii
madoqua kirkii,madoqua kirkii
madoqua saltiana,madoqua saltiana
madromys blanfordi,madromys blanfordi
malacomys longipes,malacomys longipes
mandrillus leucophaeus,mandrillus leucophaeus
mandrillus sphinx,mandrillus sphinx
manis javanica,manis javanica
manis pentadactyla,manis pentadactyla
marmosa demerarae,marmosa demerarae
marmosa murina,marmosa murina
marmosa paraguayana,marmosa paraguayana
marmosa robinsoni,marmosa robinsoni
marmosets,
marmosops parvidens,marmosops parvidens
marmota caudata,marmota caudata
marmota flaviventris,marmota flaviventris
marmota himalayana,marmota himalayana
marmota marmota,marmota marmota
marmota monax,marmota monax
martes americana,martes americana
martes foina,martes foina
martes martes,martes martes
martes melampus,martes melampus
martes pennanti,martes pennanti
martes zibellina,martes zibellina
mastomys awashensis,mastomys awashensis
mastomys coucha,mastomys coucha
mastomys erythroleucus,mastomys erythroleucus
mastomys huberti,mastomys huberti
mastomys natalensis,mastomys natalensis
mastomys sp.,
maxomys surifer,maxomys surifer
maxomys whiteheadi,maxomys whiteheadi
mazama americana,mazama americana
mazama gouazoupira,mazama gouazoubira
mazama nana,mazama nana
megaderma lyra,lyroderma lyra
megaderma spasma,megaderma spasma
megadontomys nelsoni,megadontomys nelsoni
megaerops ecaudatus,megaerops ecaudatus
megaerops kusnotoi,megaerops kusnotoi
megaerops niphanae,megaerops niphanae
megaloglossus woermanni,megaloglossus woermanni
megaptera novaeangliae,megaptera novaeangliae
melanomys caliginosus,melanomys caliginosus
meles anakuma,meles anakuma
meles leucurus,meles leucurus
meles meles,meles meles
mellivora capensis,mellivora capensis
melogale moschata,melogale moschata
melomys burtoni,melomys burtoni
melursus ursinus,melursus ursinus
menetes berdmorei,menetes berdmorei
mephitis macroura,mephitis macroura
mephitis mephitis,mephitis mephitis
meriones crassus,meriones crassus
meriones hurrianae,meriones hurrianae
meriones libycus,meriones libycus
meriones meridianus,meriones meridianus
meriones shawi,meriones shawi
meriones tamariscinus,meriones tamariscinus
meriones unguiculatus,meriones unguiculatus
mesocricetus auratus,mesocricetus auratus
mesocricetus brandti,mesocricetus brandti
mesomys hispidus,mesomys hispidus
mesophylla macconnelli,mesophylla macconnelli
mesoplodon bidens,mesoplodon bidens
mesoplodon densirostris,mesoplodon densirostris
mesoplodon europaeus,mesoplodon europaeus
mesoplodon stejnegeri,mesoplodon stejnegeri
metachirus nudicaudatus,metachirus nudicaudatus
micaelamys namaquensis,micaelamys namaquensis
mico argentatus,mico argentatus
mico humeralifer,mico humeralifer
mico leucippe,mico leucippe
mico melanurus,mico melanurus
microcebus griseorufus,microcebus griseorufus
microcebus murinus,microcebus murinus
microcebus rufus,microcebus rufus
microgale cowani,microgale cowani
microgale gymnorhyncha,microgale gymnorhyncha
microgale jobihely,microgale jobihely
microgale longicaudata,microgale longicaudata
microgale majori,microgale majori
microgale principula,microgale principula
microgale taiva,microgale taiva
micromys minutus,micromys minutus
micronycteris megalotis,micronycteris megalotis
micropteropus pusillus,micropteropus pusillus
microtus agrestis,microtus agrestis
microtus arvalis,microtus arvalis
microtus californicus,microtus californicus
microtus dogramacii,microtus dogramacii
microtus duodecimcostatus,microtus duodecimcostatus
microtus fortis,microtus fortis
microtus guentheri,microtus guentheri
microtus ilaeus,microtus ilaeus
microtus levis,microtus levis
microtus majori,microtus majori
microtus maximowiczii,microtus maximowiczii
microtus montanus,microtus montanus
microtus montebelli,microtus montebelli
microtus obscurus,microtus arvalis
microtus ochrogaster,microtus ochrogaster
microtus oeconomus,microtus oeconomus
microtus pennsylvanicus,microtus pennsylvanicus
microtus richardsoni,microtus richardsoni
microtus rossiaemeridionalis,microtus levis
microtus socialis,microtus socialis
microtus subterraneus,microtus subterraneus
millardia meltada,millardia meltada
miniopterus africanus,miniopterus africanus
miniopterus ambohitrensis,miniopterus ambohitrensis
miniopterus australis,miniopterus australis
miniopterus fuliginosus,miniopterus schreibersii
miniopterus fuscus,miniopterus fuscus
miniopterus gleni,miniopterus gleni
miniopterus griveaudi,miniopterus griveaudi
miniopterus inflatus,miniopterus inflatus
miniopterus magnater,miniopterus magnater
miniopterus mahafaliensis,miniopterus mahafaliensis
miniopterus manavi,miniopterus manavi
miniopterus minor,miniopterus minor
miniopterus mossambicus,miniopterus minor
miniopterus natalensis,miniopterus natalensis
miniopterus orianae,miniopterus schreibersii
miniopterus pusillus,miniopterus pusillus
miniopterus schreibersii,miniopterus schreibersii
miniopterus sororculus,miniopterus sororculus
miopithecus ogouensis,miopithecus ogouensis
miopithecus talapoin,miopithecus talapoin
mirounga angustirostris,mirounga angustirostris
mirounga leonina,mirounga leonina
molossops neglectus,molossops neglectus
molossops temminckii,molossops temminckii
molossus ater,molossus rufus
molossus coibensis,molossus coibensis
molossus currentium,molossus currentium
molossus molossus,molossus molossus
molossus pretiosus,molossus pretiosus
molossus rufus,molossus rufus
molossus sinaloae,molossus sinaloae
monachus monachus,monachus monachus
monodelphis domestica,monodelphis domestica
monodelphis iheringi,monodelphis iheringi
monodon monoceros,monodon monoceros
mops condylurus,mops condylurus
mops leucostigma,mops leucostigma
mops midas,mops midas
mops pumilus,chaerephon pumilus
mormoops megalophylla,mormoops megalophylla
mormopterus acetabulosus,mormopterus acetabulosus
mormopterus francoismoutoui,mormopterus francoismoutoui
mormopterus jugularis,mormopterus jugularis
moschus berezovskii,moschus berezovskii
moschus chrysogaster,moschus chrysogaster
mungos mungo,mungos mungo
muntiacus muntjak,muntiacus muntjak
muntiacus reevesi,muntiacus reevesi
murina aenea,murina aenea
murina aurata,murina aurata
murina cyclotis,murina cyclotis
murina hilgendorfi,murina hilgendorfi
murina leucogaster,murina leucogaster
murina ussuriensis,murina ussuriensis
mus baoulei,mus baoulei
mus booduga,mus booduga
mus bufo,mus bufo
mus caroli,mus caroli
mus cervicolor,mus cervicolor
mus cookii,mus cookii
mus mattheyi,mus mattheyi
mus minutoides,mus minutoides
mus musculoides,mus musculoides
mus musculus,mus musculus
mus pahari,mus pahari
mus setulosus,mus setulosus
mus sp.,
mus spicilegus,mus spicilegus
mus spretus,mus spretus
mus terricolor,mus terricolor
mus triton,mus triton
muscardinus avellanarius,muscardinus avellanarius
mustela erminea,mustela erminea
mustela eversmannii,mustela eversmanii
mustela frenata,mustela frenata
mustela kathiah,mustela kathiah
mustela lutreola,mustela lutreola
mustela nigripes,mustela nigripes
mustela nivalis,mustela nivalis
mustela putorius,mustela putorius
mustela sibirica,mustela sibirica
mustela sp.,
myocastor coypus,myocastor coypus
myodes gapperi,myodes gapperi
myodes glareolus,myodes glareolus
myodes regulus,myodes regulus
myodes rufocanus,myodes rufocanus
myodes rutilus,myodes rutilus
myomimus roachi,myomimus roachi
myonycteris torquata,myonycteris torquata
myoprocta acouchy,myoprocta acouchy
myosorex geata,myosorex geata
myosorex zinki,myosorex zinki
myospalax psilurus,myospalax psilurus
myotis adversus,myotis adversus
myotis albescens,myotis albescens
myotis alcathoe,myotis alcathoe
myotis altarium,myotis altarium
myotis aurascens,myotis aurascens
myotis austroriparius,myotis austroriparius
myotis bechsteinii,myotis bechsteinii
myotis blythii,myotis blythii
myotis bombinus,myotis bombinus
myotis brandtii,myotis brandtii
myotis californicus,myotis californicus
myotis capaccinii,myotis capaccinii
myotis cf. californicus/ciliolabrum bl-2021,myotis californicus
myotis chiloensis,myotis chiloensis
myotis chinensis,myotis chinensis
myotis ciliolabrum,myotis ciliolabrum
myotis crypticus,myotis nattereri
myotis dasycneme,myotis dasycneme
myotis daubentonii,myotis daubentonii
myotis davidii,myotis davidii
myotis emarginatus,myotis emarginatus
myotis escalerai,myotis escalerai
myotis evotis,myotis evotis
myotis fimbriatus,myotis fimbriatus
myotis flavus,myotis formosus
myotis formosus,myotis formosus
myotis frater,myotis frater
myotis goudoti,myotis goudoti
myotis grisescens,myotis grisescens
myotis horsfieldii,myotis horsfieldii
myotis ikonnikovi,myotis ikonnikovi
myotis keaysi,myotis keaysi
myotis keenii,myotis keenii
myotis laniger,myotis laniger
myotis leibii,myotis leibii
myotis levis,myotis levis
myotis longipes,myotis longipes
myotis lucifugus,myotis lucifugus
myotis macrodactylus,myotis macrodactylus
myotis macropus,myotis macropus
myotis muricola,myotis muricola
myotis myotis,myotis myotis
myotis myotis/blythii,myotis myotis
myotis mystacinus,myotis mystacinus
myotis nattereri,myotis nattereri
myotis nigricans,myotis nigricans
myotis oxygnathus,myotis blythii
myotis oxyotus,myotis oxyotus
myotis pequinius,myotis pequinius
myotis petax,myotis petax
myotis punicus,myotis punicus
myotis ricketti,myotis pilosus
myotis riparius,myotis riparius
myotis septentrionalis,myotis septentrionalis
myotis siligorensis,myotis siligorensis
myotis sp.,
myotis thysanodes,myotis thysanodes
myotis velifer,myotis velifer
myotis volans,myotis volans
myotis welwitschii,myotis welwitschii
myotis yumanensis,myotis yumanensis
myotomys unisulcatus,otomys unisulcatus
myrmecophaga tridactyla,myrmecophaga tridactyla
mystacina tuberculata,mystacina tuberculata
naemorhedus goral,naemorhedus goral
nandinia binotata,nandinia binotata
nanger granti,nanger granti
nannospalax galili,nannospalax ehrenbergi
nanonycteris veldkampii,nanonycteris veldkampii
napaeozapus insignis,napaeozapus insignis
nasalis larvatus,nasalis larvatus
nasua narica,nasua narica
nasua nasua,nasua nasua
natalus stramineus,natalus stramineus
natalus tumidirostris,natalus tumidirostris
neacomys guianae,neacomys guianae
neacomys musseri,neacomys musseri
neacomys spinosus,neacomys spinosus
necromys benefactus,necromys benefactus
necromys lasiurus,necromys lasiurus
necromys obscurus,necromys obscurus
nectomys squamipes,nectomys squamipes
neodon clarkei,microtus clarkei
neodon fuscus,lasiopodomys fuscus
neodon leucurus,phaiomys leucurus
neofelis nebulosa,neofelis nebulosa
neogale vison,neovison vison
neomonachus schauinslandi,neomonachus schauinslandi
neomys anomalus,neomys anomalus
neomys fodiens,neomys fodiens
neophocaena asiaeorientalis,neophocaena asiaeorientalis
neoromicia brunneus,neoromicia brunnea
neoromicia helios,neoromicia helios
neoromicia somalicus,neoromicia malagasyensis
neoromicia tenuipinnis,neoromicia tenuipinnis
neotoma albigula,neotoma albigula
neotoma cinerea,neotoma cinerea
neotoma floridana,neotoma floridana
neotoma fuscipes,neotoma fuscipes
neotoma lepida,neotoma lepida
neotoma leucodon,neotoma leucodon
neotoma macrotis,neotoma macrotis
neotoma mexicana,neotoma mexicana
neotoma micropus,neotoma micropus
neotoma stephensi,neotoma stephensi
neovison vison,neovison vison
nephelomys albigularis,nephelomys albigularis
nephelomys devius,nephelomys devius
nesogale dobsoni,microgale dobsoni
neurotrichus gibbsii,neurotrichus gibbsii
niumbaha superba,glauconycteris superba
niviventer confucianus,niviventer confucianus
niviventer coninga,niviventer coninga
niviventer cremoriventer,niviventer cremoriventer
niviventer eha,niviventer eha
niviventer excelsior,niviventer excelsior
niviventer fulvescens,niviventer fulvescens
niviventer huang,niviventer fulvescens
niviventer lotipes,niviventer confucianus
niviventer niviventer,niviventer niviventer
niviventer sp.,
noctilio leporinus,noctilio leporinus
nomascus concolor,nomascus concolor
nomascus gabriellae,nomascus gabriellae
nomascus leucogenys,nomascus leucogenys
notamacropus agilis,macropus agilis
notamacropus dorsalis,macropus dorsalis
notamacropus eugenii,macropus eugenii
notamacropus parma,macropus parma
notamacropus parryi,macropus parryi
notamacropus rufogriseus,macropus rufogriseus
nyctalus lasiopterus,nyctalus lasiopterus
nyctalus leisleri,nyctalus leisleri
nyctalus noctula,nyctalus noctula
nyctalus plancyi,nyctalus plancyi
nyctalus velutinus,nyctalus noctula
nyctereutes procyonoides,nyctereutes procyonoides
nycteris gambiensis,nycteris gambiensis
nycteris grandis,nycteris grandis
nycteris hispida,nycteris hispida
nycteris macrotis,nycteris macrotis
nycteris nana,nycteris nana
nycteris thebaica,nycteris thebaica
nycteris tragata,nycteris tragata
nycticebus bengalensis,nycticebus bengalensis
nycticebus coucang,nycticebus coucang
nycticebus pygmaeus,nycticebus pygmaeus
nycticeinops schlieffeni,nycticeinops schlieffeni
nycticeius humeralis,nycticeius humeralis
nyctimene cephalotes,nyctimene cephalotes
nyctinomops femorosaccus,nyctinomops femorosaccus
nyctinomops laticaudatus,nyctinomops laticaudatus
nyctinomops macrotis,nyctinomops macrotis
nyctophilus arnhemensis,nyctophilus arnhemensis
nyctophilus geoffroyi,nyctophilus geoffroyi
nyctophilus gouldi,nyctophilus gouldi
ochotona alpina,ochotona alpina
ochotona cansus,ochotona cansus
ochotona curzoniae,ochotona curzoniae
ochotona sp.,
ochotona thibetana,ochotona thibetana
odobenus rosmarus,odobenus rosmarus
odocoileus hemionus,odocoileus hemionus
odocoileus virginianus,odocoileus virginianus
oecomys auyantepui,oecomys auyantepui
oecomys bicolor,oecomys bicolor
oecomys paricola,oecomys paricola
oecomys roberti,oecomys roberti
oecomys rutilus,oecomys rutilus
oenomys hypoxanthus,oenomys hypoxanthus
okapia johnstoni,okapia johnstoni
oligoryzomys chacoensis,oligoryzomys chacoensis
oligoryzomys costaricensis,oligoryzomys fulvescens
oligoryzomys flavescens,oligoryzomys flavescens
oligoryzomys fornesi,oligoryzomys fornesi
oligoryzomys fulvescens,oligoryzomys fulvescens
oligoryzomys longicaudatus,oligoryzomys longicaudatus
oligoryzomys mattogrossae,oligoryzomys microtis
oligoryzomys microtis,oligoryzomys microtis
oligoryzomys nigripes,oligoryzomys nigripes
oligoryzomys sp.,
oligoryzomys sp. rt-2012,
oligoryzomys utiaritensis,oligoryzomys eliurus
oligoryzomys vegetus,oligoryzomys vegetus
ondatra zibethicus,ondatra zibethicus
onychogalea unguifera,onychogalea unguifera
onychomys leucogaster,onychomys leucogaster
onychomys torridus,onychomys torridus
orcinus orca,orcinus orca
oreamnos americanus,oreamnos americanus
oreotragus oreotragus,oreotragus oreotragus
orientallactaga sibirica,allactaga sibirica
oryctolagus cuniculus,oryctolagus cuniculus
oryx beisa,oryx beisa
oryx dammah,oryx dammah
oryx gazella,oryx gazella
oryx leucoryx,oryx leucoryx
oryzomys couesi,oryzomys couesi
oryzomys palustris,oryzomys palustris
oryzomys sp.,
oryzomys texensis,oryzomys palustris
osphranter robustus,macropus robustus
osphranter rufus,macropus rufus
otaria byronia,otaria byronia
otocolobus manul,otocolobus manul
otocyon megalotis,otocyon megalotis
otolemur crassicaudatus,otolemur crassicaudatus
otomops harrisoni,otomops harrisoni
otomops madagascariensis,otomops madagascariensis
otomops martiensseni,otomops martiensseni
otomys irroratus,otomys irroratus
otomys tropicalis,otomys tropicalis
otospermophilus beecheyi,otospermophilus beecheyi
otospermophilus variegatus,otospermophilus variegatus
ourebia ourebi,ourebia ourebi
ovibos moschatus,ovibos moschatus
ovis ammon,ovis ammon
ovis aries,
ovis canadensis,ovis canadensis
ovis dalli,ovis dalli
ovis orientalis,ovis gmelini
oxymycterus judex,oxymycterus quaestor
oxymycterus nasutus,oxymycterus nasutus
oxymycterus quaestor,oxymycterus quaestor
oxymycterus rufus,oxymycterus rufus
ozotoceros bezoarticus,ozotoceros bezoarticus
paguma larvata,paguma larvata
pan paniscus,pan paniscus
pan troglodytes,pan troglodytes
panthera leo,panthera leo
panthera onca,panthera onca
panthera pardus,panthera pardus
panthera tigris,panthera tigris
panthera uncia,panthera uncia
pantherina griselda,blarinella griselda
pantholops hodgsonii,pantholops hodgsonii
papio anubis,papio anubis
papio cynocephalus,papio cynocephalus
papio hamadryas,papio hamadryas
papio kindae,papio kindae
papio papio,papio papio
papio sp.,
papio ursinus,papio ursinus
paradoxurus hermaphroditus,paradoxurus hermaphroditus
paradoxurus zeylonensis,paradoxurus zeylonensis
parahyaena brunnea,parahyaena brunnea
parahypsugo crassulus,pipistrellus crassulus
parastrellus hesperus,parastrellus hesperus
paratriaenops furculus,paratriaenops furculus
paruromys dominator,paruromys dominator
pecari tajacu,pecari tajacu
pedetes capensis,pedetes capensis
pekania pennanti,martes pennanti
pelea capreolus,pelea capreolus
pelomys isseli,pelomys isseli
peponocephala electra,peponocephala electra
perameles bougainville,perameles bougainville
perameles gunnii,perameles gunnii
perameles nasuta,perameles nasuta
perimyotis subflavus,perimyotis subflavus
perodicticus potto,perodicticus potto
perognathus parvus,perognathus parvus
peromyscus attwateri,peromyscus attwateri
peromyscus aztecus,peromyscus aztecus
peromyscus beatae,peromyscus beatae
peromyscus boylii,peromyscus boylii
peromyscus californicus,peromyscus californicus
peromyscus crinitus,peromyscus crinitus
peromyscus difficilis,peromyscus difficilis
peromyscus eremicus,peromyscus eremicus
peromyscus gossypinus,peromyscus gossypinus
peromyscus hylocetes,peromyscus hylocetes
peromyscus leucopus,peromyscus leucopus
peromyscus levipes,peromyscus levipes
peromyscus maniculatus,peromyscus maniculatus
peromyscus megalops,peromyscus megalops
peromyscus melanophrys,peromyscus melanophrys
peromyscus melanotis,peromyscus melanotis
peromyscus mexicanus,peromyscus mexicanus
peromyscus ochraventer,peromyscus ochraventer
peromyscus pectoralis,peromyscus pectoralis
peromyscus sp.,
peromyscus spicilegus,peromyscus spicilegus
peromyscus truei,peromyscus truei
peropteryx macrotis,peropteryx macrotis
petaurus breviceps,petaurus breviceps
petrogale godmani,petrogale godmani
phacochoerus aethiopicus,phacochoerus aethiopicus
phacochoerus africanus,phacochoerus africanus
phascolarctos cinereus,phascolarctos cinereus
phataginus tricuspis,phataginus tricuspis
philander opossum,philander opossum
philantomba maxwellii,philantomba maxwellii
philantomba monticola,philantomba monticola
philetor brachypterus,philetor brachypterus
phoca fasciata,histriophoca fasciata
phoca groenlandica,pagophilus groenlandicus
phoca largha,phoca largha
phoca vitulina,phoca vitulina
phocarctos hookeri,phocarctos hookeri
phocoena phocoena,phocoena phocoena
phocoena spinipinnis,phocoena spinipinnis
phocoenoides dalli,phocoenoides dalli
phodopus roborovskii,phodopus roborovskii
phodopus sungorus,phodopus sungorus
phyllostomus discolor,phyllostomus discolor
phyllostomus elongatus,phyllostomus elongatus
phyllostomus hastatus,phyllostomus hastatus
phyllotis darwini,phyllotis darwini
physeter catodon,physeter macrocephalus
piliocolobus badius,piliocolobus badius
piliocolobus rufomitratus,piliocolobus rufomitratus
piliocolobus semlikiensis,piliocolobus semlikiensis
piliocolobus tephrosceles,piliocolobus tephrosceles
piliocolobus tholloni,piliocolobus tholloni
pipistrellus abramus,pipistrellus abramus
pipistrellus ceylonicus,pipistrellus ceylonicus
pipistrellus coromandra,pipistrellus coromandra
pipistrellus hesperidus,pipistrellus hesperidus
pipistrellus kuhlii,pipistrellus kuhlii
pipistrellus nanulus,pipistrellus nanulus
pipistrellus nathusii,pipistrellus nathusii
pipistrellus pipistrellus,pipistrellus pipistrellus
pipistrellus pygmaeus,pipistrellus pygmaeus
pithecia monachus,pithecia monachus
pithecia pithecia,pithecia pithecia
platyrrhinus helleri,platyrrhinus helleri
platyrrhinus lineatus,platyrrhinus lineatus
plecotus auritus,plecotus auritus
plecotus austriacus,plecotus austriacus
plecotus gaisleri,plecotus teneriffae
plecotus sacrimontis,plecotus sacrimontis
plecturocebus cupreus,plecturocebus cupreus
pongo abelii,pongo abelii
pongo pygmaeus,pongo pygmaeus
pontoporia blainvillei,pontoporia blainvillei
porcula salvania,porcula salvania
potamochoerus larvatus,potamochoerus larvatus
potamochoerus porcus,potamochoerus porcus
potorous tridactylus,potorous tridactylus
potos flavus,potos flavus
praomys daltoni,praomys daltoni
praomys derooi,praomys derooi
praomys jacksoni,praomys jacksoni
praomys misonnei,praomys misonnei
praomys mutoni,praomys mutoni
praomys petteri,praomys petteri
praomys rostratus,praomys rostratus
praomys tullbergi,praomys tullbergi
presbytis melalophos,presbytis melalophos
priodontes maximus,priodontes maximus
prionailurus bengalensis,prionailurus bengalensis
prionailurus iriomotensis,prionailurus bengalensis
prionailurus planiceps,prionailurus planiceps
prionailurus viverrinus,prionailurus viverrinus
prionodon linsang,prionodon linsang
procapra gutturosa,procapra gutturosa
procapra przewalskii,procapra przewalskii
procavia capensis,procavia capensis
procolobus verus,procolobus verus
procyon cancrivorus,procyon cancrivorus
procyon lotor,procyon lotor
procyon pygmaeus,procyon pygmaeus
proechimys cuvieri,proechimys cuvieri
proechimys guairae,proechimys guairae
proechimys guyannensis,proechimys guyannensis
proechimys longicaudatus,proechimys longicaudatus
proechimys semispinosus,proechimys semispinosus
proechimys sp.,
prolemur simus,prolemur simus
propithecus coquereli,propithecus coquereli
propithecus diadema,propithecus diadema
propithecus verreauxi,propithecus verreauxi
proteles cristata,proteles cristata
psammomys obesus,psammomys obesus
pseudocheirus peregrinus,pseudocheirus peregrinus
pseudois nayaur,pseudois nayaur
pseudomys novaehollandiae,pseudomys novaehollandiae
pseudorca crassidens,pseudorca crassidens
ptenochirus jagori,ptenochirus jagori
ptenochirus jagorii,ptenochirus jagori
pteronotus alitonus,pteronotus rubiginosus
pteronotus davyi,pteronotus davyi
pteronotus parnellii,pteronotus parnellii
pteronotus personatus,pteronotus personatus
pteronotus rubiginosus,pteronotus rubiginosus
pteropus admiralitatum,pteropus admiralitatum
pteropus alecto,pteropus alecto
pteropus capistratus,pteropus capistratus
pteropus conspicillatus,pteropus conspicillatus
pteropus dasymallus,pteropus dasymallus
pteropus giganteus,pteropus giganteus
pteropus hypomelanus,pteropus hypomelanus
pteropus lylei,pteropus lylei
pteropus melanotus,pteropus melanotus
pteropus neohibernicus,pteropus neohibernicus
pteropus poliocephalus,pteropus poliocephalus
pteropus pumilus,pteropus pumilus
pteropus rayneri,pteropus rayneri
pteropus rodricensis,pteropus rodricensis
pteropus rufus,pteropus rufus
pteropus scapulatus,pteropus scapulatus
pteropus sp.,
pteropus tonganus,pteropus tonganus
pteropus vampyrus,pteropus vampyrus
pudu puda,pudu puda
puma concolor,puma concolor
puma yagouaroundi,herpailurus yagouaroundi
pusa caspica,pusa caspica
pusa hispida,pusa hispida
pusa sibirica,pusa sibirica
pygathrix nemaeus,pygathrix nemaeus
pygathrix nigripes,pygathrix nigripes
rangifer tarandus,rangifer tarandus
raphicerus campestris,raphicerus campestris
raphicerus sharpei,raphicerus sharpei
rattus andamanensis,rattus andamanensis
rattus annandalei,rattus annandalei
rattus argentiventer,rattus argentiventer
rattus exulans,rattus exulans
rattus flavipectus,rattus tanezumi
rattus fuscipes,rattus fuscipes
rattus hoffmanni,rattus hoffmanni
rattus leucopus,rattus leucopus
rattus losea,rattus losea
rattus lutreolus,rattus lutreolus
rattus nitidus,rattus nitidus
rattus norvegicus,rattus norvegicus
rattus pyctoris,rattus pyctoris
rattus rattus,rattus rattus
rattus sordidus,rattus sordidus
rattus sp.,
rattus tanezumi,rattus tanezumi
rattus tiomanicus,rattus tiomanicus
rattus xanthurus,rattus xanthurus
ratufa bicolor,ratufa bicolor
ratufa macroura,ratufa macroura
redunca arundinum,redunca arundinum
redunca fulvorufula,redunca fulvorufula
redunca redunca,redunca redunca
reithrodontomys creper,reithrodontomys creper
reithrodontomys fulvescens,reithrodontomys fulvescens
reithrodontomys megalotis,reithrodontomys megalotis
reithrodontomys mexicanus,reithrodontomys mexicanus
reithrodontomys sumichrasti,reithrodontomys sumichrasti
rhabdomys dilectus,rhabdomys dilectus
rhabdomys pumilio,rhabdomys pumilio
rhinoceros unicornis,rhinoceros unicornis
rhinolophus acuminatus,rhinolophus acuminatus
rhinolophus affinis,rhinolophus affinis
rhinolophus alcyone,rhinolophus alcyone
rhinolophus arcuatus,rhinolophus arcuatus
rhinolophus blasii,rhinolophus blasii
rhinolophus blythi,rhinolophus pusillus
rhinolophus capensis,rhinolophus capensis
rhinolophus clivosus,rhinolophus clivosus
rhinolophus coelophyllus,rhinolophus coelophyllus
rhinolophus cornutus,rhinolophus pusillus
rhinolophus creaghi,rhinolophus creaghi
rhinolophus darlingi,rhinolophus darlingi
rhinolophus denti,rhinolophus denti
rhinolophus eloquens,rhinolophus eloquens
rhinolophus euryale,rhinolophus euryale
rhinolophus ferrumequinum,rhinolophus ferrumequinum
rhinolophus fumigatus,rhinolophus fumigatus
rhinolophus hildebrandti,rhinolophus hildebrandtii
rhinolophus hipposideros,rhinolophus hipposideros
rhinolophus landeri,rhinolophus landeri
rhinolophus lepidus,rhinolophus lepidus
rhinolophus lobatus,rhinolophus landeri
rhinolophus luctus,rhinolophus luctus
rhinolophus macrotis,rhinolophus macrotis
rhinolophus malayanus,rhinolophus malayanus
rhinolophus marshalli,rhinolophus marshalli
rhinolophus megaphyllus,rhinolophus megaphyllus
rhinolophus mehelyi,rhinolophus mehelyi
rhinolophus monoceros,rhinolophus pusillus
rhinolophus paradoxolophus,rhinolophus paradoxolophus
rhinolophus pearsonii,rhinolophus pearsonii
rhinolophus pusillus,rhinolophus pusillus
rhinolophus rex,rhinolophus rex
rhinolophus rhodesiae,rhinolophus swinnyi
rhinolophus rouxii,rhinolophus rouxii
rhinolophus shameli,rhinolophus shameli
rhinolophus siamensis,rhinolophus siamensis
rhinolophus simulator,rhinolophus simulator
rhinolophus sinicus,rhinolophus sinicus
rhinolophus sp. cn 2016,
rhinolophus stheno,rhinolophus stheno
rhinolophus thomasi,rhinolophus thomasi
rhinolophus trifoliatus,rhinolophus trifoliatus
rhinonicteris aurantia,rhinonicteris aurantia
rhinophylla pumilio,rhinophylla pumilio
rhinopithecus roxellana,rhinopithecus roxellana
rhinopoma hardwickii,rhinopoma hardwickii
rhinosciurus laticaudatus,rhinosciurus laticaudatus
rhizomys pruinosus,rhizomys pruinosus
rhizomys sinensis,rhizomys sinensis
rhogeessa parvula,rhogeessa parvula
rhogeessa tumida,rhogeessa tumida
rhombomys opimus,rhombomys opimus
rhynchonycteris naso,rhynchonycteris naso
rodentia sp.,
rousettus aegyptiacus,rousettus aegyptiacus
rousettus amplexicaudatus,rousettus amplexicaudatus
rousettus leschenaultii,rousettus leschenaultii
rousettus madagascariensis,rousettus madagascariensis
rousettus sp.,
rucervus duvaucelii,rucervus duvaucelii
rupicapra pyrenaica,rupicapra pyrenaica
rupicapra rupicapra,rupicapra rupicapra
rusa alfredi,rusa alfredi
rusa timorensis,rusa timorensis
rusa unicolor,rusa unicolor
ruwenzorisorex suncoides,ruwenzorisorex suncoides
saccolaimus flaviventris,saccolaimus flaviventris
saccolaimus saccolaimus,saccolaimus saccolaimus
saccopteryx bilineata,saccopteryx bilineata
saccostomus sp.,
saguinus bicolor,saguinus bicolor
saguinus geoffroyi,saguinus geoffroyi
saguinus imperator,saguinus imperator
saguinus labiatus,saguinus labiatus
saguinus midas,saguinus midas
saguinus mystax,saguinus mystax
saguinus oedipus,saguinus oedipus
saiga tatarica,saiga tatarica
saimiri boliviensis,saimiri boliviensis
saimiri oerstedii,saimiri oerstedii
saimiri sciureus,saimiri sciureus
saimiri sp.,
saimiri ustus,saimiri ustus
sapajus apella,sapajus apella
sapajus cay,sapajus cay
sapajus flavius,sapajus flavius
sapajus libidinosus,sapajus libidinosus
sapajus nigritus,sapajus nigritus
sapajus sp.,
sapajus xanthosternos,sapajus xanthosternos
sarcophilus harrisii,sarcophilus harrisii
scalopus aquaticus,scalopus aquaticus
scaptonyx fusicaudus,scaptonyx fusicaudus
scarturus elater,allactaga elater
sciurotamias davidianus,sciurotamias davidianus
sciurus carolinensis,sciurus carolinensis
sciurus granatensis,sciurus granatensis
sciurus griseus,sciurus griseus
sciurus niger,sciurus niger
sciurus variegatoides,sciurus variegatoides
sciurus vulgaris,sciurus vulgaris
scotinomys xerampelinus,scotinomys xerampelinus
scotophilus dinganii,scotophilus dinganii
scotophilus heathii,scotophilus heathii
scotophilus kuhlii,scotophilus kuhlii
scotophilus leucogaster,scotophilus leucogaster
scotophilus nigrita,scotophilus nigrita
scotophilus nux,scotophilus nux
sekeetamys calurus,sekeetamys calurus
semnopithecus entellus,semnopithecus entellus
semnopithecus schistaceus,semnopithecus schistaceus
setonix brachyurus,setonix brachyurus
sigmodon alstoni,sigmodon alstoni
sigmodon arizonae,sigmodon arizonae
sigmodon hispidus,sigmodon hispidus
sigmodon mascotensis,sigmodon mascotensis
sigmodon toltecus,sigmodon toltecus
sooretamys angouya,sooretamys angouya
sorex araneus,sorex araneus
sorex arcticus,sorex arcticus
sorex bairdi,sorex bairdi
sorex bedfordiae,sorex bedfordiae
sorex caecutiens,sorex caecutiens
sorex cinereus,sorex cinereus
sorex coronatus,sorex coronatus
sorex cylindricauda,sorex cylindricauda
sorex daphaenodon,sorex daphaenodon
sorex fumeus,sorex fumeus
sorex haydeni,sorex haydeni
sorex hoyi,sorex hoyi
sorex isodon,sorex isodon
sorex minutissimus,sorex minutissimus
sorex minutus,sorex minutus
sorex mirabilis,sorex mirabilis
sorex monticolus,sorex monticola
sorex palustris,sorex palustris
sorex roboratus,sorex roboratus
sorex trowbridgii,sorex trowbridgii
sorex tundrensis,sorex tundrensis
sorex unguiculatus,sorex unguiculatus
sorex vagrans,sorex vagrans
sotalia guianensis,sotalia guianensis
sousa chinensis,sousa chinensis
speothos venaticus,speothos venaticus
spermophilus citellus,spermophilus citellus
spermophilus dauricus,spermophilus dauricus
spermophilus erythrogenys,spermophilus erythrogenys
spermophilus fulvus,spermophilus fulvus
spilogale gracilis,spilogale gracilis
spilogale putorius,spilogale putorius
steatomys pratensis,steatomys pratensis
steatomys sp.,
stenella coeruleoalba,stenella coeruleoalba
stenella frontalis,stenella frontalis
stenella longirostris,stenella longirostris
steno bredanensis,steno bredanensis
stenocephalemys albipes,stenocephalemys albipes
sturnira erythromos,sturnira erythromos
sturnira lilium,sturnira lilium
sturnira ludovici,sturnira ludovici
sturnira parvidens,sturnira parvidens
sturnira tildae,sturnira tildae
suncus murinus,suncus murinus
sundamys infraluteus,sundamys infraluteus
sundamys muelleri,sundamys muelleri
sundasciurus hippurus,sundasciurus hippurus
sundasciurus lowii,sundasciurus lowii
suricata suricatta,suricata suricatta
sus barbatus,sus barbatus
sus celebensis,sus celebensis
sus scrofa,sus scrofa
sus sp.,
sus verrucosus,sus verrucosus
syconycteris australis,syconycteris australis
sylvicapra grimmia,sylvicapra grimmia
sylvilagus aquaticus,sylvilagus aquaticus
sylvilagus audubonii,sylvilagus audubonii
sylvilagus bachmani,sylvilagus bachmani
sylvilagus brasiliensis,sylvilagus brasiliensis
sylvilagus floridanus,sylvilagus floridanus
sylvilagus nuttallii,sylvilagus nuttallii
sylvilagus palustris,sylvilagus palustris
sylvilagus sp.,
sylvisorex ollula,sylvisorex ollula
symphalangus syndactylus,symphalangus syndactylus
syncerus caffer,syncerus caffer
syntheosciurus granatensis,sciurus granatensis
tachyglossus aculeatus,tachyglossus aculeatus
tadarida aegyptiaca,tadarida aegyptiaca
tadarida brasiliensis,tadarida brasiliensis
tadarida teniotis,tadarida teniotis
taeromys dominator,paruromys dominator
talpa altaica,talpa altaica
talpa aquitania,talpa occidentalis
talpa europaea,talpa europaea
talpa occidentalis,talpa occidentalis
talpa romana,talpa romana
tamandua tetradactyla,tamandua tetradactyla
tamias amoenus,neotamias amoenus
tamias minimus,neotamias minimus
tamias quadrivittatus,neotamias quadrivittatus
tamias sibiricus,eutamias sibiricus
tamias striatus,tamias striatus
tamias umbrinus,neotamias umbrinus
tamiasciurus hudsonicus,tamiasciurus hudsonicus
tamiops swinhoei,tamiops swinhoei
taphozous longimanus,taphozous longimanus
taphozous mauritianus,taphozous mauritianus
taphozous melanopogon,taphozous melanopogon
taphozous perforatus,taphozous perforatus
taphozous sp.,
taphozous theobaldi,taphozous theobaldi
tapirus bairdii,tapirus bairdii
tapirus indicus,tapirus indicus
tapirus terrestris,tapirus terrestris
tatera indica,tatera indica
taxidea taxus,taxidea taxus
tayassu pecari,tayassu pecari
terricola subterraneus,microtus subterraneus
tetracerus quadricornis,tetracerus quadricornis
thallomys nigricauda,thallomys nigricauda
thaptomys nigrita,thaptomys nigrita
theropithecus gelada,theropithecus gelada
thomomys talpoides,thomomys talpoides
thoopterus nigrescens,thoopterus nigrescens
thryonomys gregorianus,thryonomys gregorianus
thryonomys sp.,
thryonomys swinderianus,thryonomys swinderianus
thylogale billardierii,thylogale billardierii
thylogale thetis,thylogale thetis
tolypeutes matacus,tolypeutes matacus
tonatia bidens,tonatia bidens
trachops cirrhosus,trachops cirrhosus
trachypithecus cristatus,trachypithecus cristatus
trachypithecus francoisi,trachypithecus francoisi
trachypithecus germaini,trachypithecus germaini
trachypithecus obscurus,trachypithecus obscurus
trachypithecus phayrei,trachypithecus phayrei
trachypithecus pileatus,trachypithecus pileatus
tragelaphus angasii,tragelaphus angasii
tragelaphus eurycerus,tragelaphus eurycerus
tragelaphus imberbis,tragelaphus imberbis
tragelaphus oryx,tragelaphus oryx
tragelaphus scriptus,tragelaphus scriptus
tragelaphus spekii,tragelaphus spekii
tragelaphus strepsiceros,tragelaphus strepsiceros
tragulus javanicus,tragulus javanicus
transandinomys bolivaris,transandinomys bolivaris
tremarctos ornatus,tremarctos ornatus
triaenops afer,triaenops afer
triaenops menamena,triaenops rufus
triaenops persicus,triaenops persicus
trichechus inunguis,trichechus inunguis
trichechus manatus,trichechus manatus
trichosurus vulpecula,trichosurus vulpecula
trinomys iheringi,trinomys iheringi
tscherskia triton,tscherskia triton
tupaia belangeri,tupaia belangeri
tupaia chinensis,tupaia belangeri
tupaia glis,tupaia glis
tupaia tana,tupaia tana
tursiops aduncus,tursiops aduncus
tursiops truncatus,tursiops truncatus
tylomys nudicaudus,tylomys nudicaudus
tylonycteris pachypus,tylonycteris pachypus
tylonycteris robustula,tylonycteris robustula
typhlomys cinereus,typhlomys cinereus
undetermined sciuridae 'chipmunks',
uranomys ruddi,uranomys ruddi
urocitellus columbianus,urocitellus columbianus
urocitellus parryii,urocitellus parryii
urocitellus richardsonii,urocitellus richardsonii
urocitellus undulatus,urocitellus undulatus
urocyon cinereoargenteus,urocyon cinereoargenteus
urocyon littoralis,urocyon littoralis
uroderma bilobatum,uroderma bilobatum
uropsilus sp.,
urotrichus talpoides,urotrichus talpoides
ursus americanus,ursus americanus
ursus arctos,ursus arctos
ursus maritimus,ursus maritimus
ursus sp.,
ursus thibetanus,ursus thibetanus
urva auropunctata,herpestes auropunctatus
urva edwardsii,herpestes edwardsii
urva javanica,herpestes javanicus
vampyrodes caraccioli,vampyrodes caraccioli
vampyrum spectrum,vampyrum spectrum
vandeleuria oleracea,vandeleuria oleracea
varecia variegata,varecia variegata
vespadelus pumilus,vespadelus pumilus
vespertilio murinus,vespertilio murinus
vespertilio sinensis,vespertilio sinensis
vicugna pacos,lama guanicoe
vicugna vicugna,vicugna vicugna
viverricula indica,viverricula indica
volemys millicens,volemys millicens
vombatus ursinus,vombatus ursinus
vulpes chama,vulpes chama
vulpes corsac,vulpes corsac
vulpes lagopus,vulpes lagopus
vulpes macrotis,vulpes macrotis
vulpes velox,vulpes velox
vulpes vulpes,vulpes vulpes
vulpes zerda,vulpes zerda
wallabia bicolor,wallabia bicolor
xanthonycticebus pygmaeus,nycticebus pygmaeus
xeronycteris vieirai,xeronycteris vieirai
xerus erythropus,xerus erythropus
xerus inauris,xerus inauris
zalophus californianus,zalophus californianus
zalophus wollebaeki,zalophus wollebaeki
zapus hudsonius,zapus hudsonius
ziphius cavirostris,ziphius cavirostris
zygodontomys brevicauda,zygodontomys brevicauda
zygodontomys cherriei,zygodontomys brevicauda
NA,NA
